"site_reach","site","field_date","sample_type","anabaena_and_cylindrospermum","ankistrodesmus","aphanothece","calothrix","chantransia","chroococcus","cladophora","closterium","coelastrum","cosmarium","desmodesmus_spines","epithemia","euglenoid","geitlerinema","gloeocystis","gloeotrichia","homoeothrix","lacunastrum","leptolyngbya","lyngbya","microcoleus","mougeotia","non_e_r_diatoms","nostoc","oedogonium","oocystis","oscillatoria","other_coccoids","pediastrum","phormidium_unknown","rhopalodia","rivularia","scenedesmus_no_spines","scytonema","spirogyra","stauridium","stigeoclonium","tetraedron","tolypothrix","ulothrix","unknown","unknown_green_algae","zygnema","pH","temp_C","DO_mg_L","cond_uS_cm","oPhos_ug_P_L","nitrate_mg_N_L","ammonium_mg_N_L","assumed_pH","TDC_mg_L","DOC_mg_L","Cl_mg_L","SO4_mg_L","Br_mg_L","Na_mg_L","K_mg_L","Mg_mg_L","Ca_mg_L","TM_ATX_all_ug_chla_ug","TM_ATX_all_ug_orgmat_g","TAC_ATX_all_ug_chla_ug","TAC_ATX_all_ug_orgmat_g"
"RUS-1S","RUS","2022-06-24","NT",0,0,0,0,0,0,13.3779264214047,0,0,0,0.501672240802675,5.85284280936455,0,0,0,0,0.0418060200668896,0,4.59866220735786,0,0,3.34448160535117,28.0100334448161,0,10.0334448160535,0,0,3.76254180602007,0,0,0,0,0.125418060200669,0,22.1571906354515,0,8.19397993311037,0,0,0,0,0,0,NA,24.82,9.052,NA,5.026,0.016,0.00253,8.07,17.82,2.994,7.5,14.45,0.11,11.17,1.23,16.45,11.21,NA,NA,NA,NA
"RUS-1S","RUS","2022-07-06","NT",0,0,0,0,0,0,24.8550724637681,0,0,0,0,13.768115942029,0,0.36231884057971,0.036231884057971,0,0,0,5.79710144927536,0.036231884057971,0,5.43478260869565,25,0,10.8695652173913,0,0,1.08695652173913,0,0,0,0,0.072463768115942,0,11.5942028985507,0,1.08695652173913,0,0,0,0,0,0,NA,21.4,9.181,266.1,11.092,0.008,0.00637,8.07,24.45,3.858,5.6,10.2,0.09,8.17,0.97,12.4,11.67,NA,NA,NA,NA
"RUS-1S","RUS","2022-07-20","NT",6.2962962962963,0,0,0,0,0,9.25925925925926,0,0,0,0.740740740740741,12.5925925925926,0,2.59259259259259,0,0,0.0740740740740741,0,1.85185185185185,0,0.037037037037037,3.7037037037037,16.6666666666667,0,9.25925925925926,0,0,2.96296296296296,0,0,5.18518518518519,0,0.740740740740741,0,24.7037037037037,0,3.33333333333333,0,0,0,0,0,0,NA,22.22,9.587,265.7,7.841,0.017,0.00625,8.07,19.15,2.066,6.92,12.31,0.11,10.43,1.16,15.15,12.63,NA,NA,0,0
"RUS-1S","RUS","2022-08-02","NT",0.32520325203252,0,0,0,0,0.5420054200542,0,0,0,0,0.29810298102981,10.2981029810298,0,1.6260162601626,0,0,0.02710027100271,0,1.6260162601626,0.32520325203252,0,3.2520325203252,13.550135501355,0,7.31707317073171,0,0,1.3550135501355,0,0,4.6070460704607,0,0,0,52.1138211382114,0,2.73712737127371,0,0,0,0,0,0,8.07,21.8,8.493,251.5,6.961,0.009,0.00484,8.07,24.76,2.299,6.48,11.66,0.1,9.96,1.16,14.76,12,NA,NA,3.09e-05,0.2965879
"RUS-1S","RUS","2022-08-17","NT",2.45231607629428,0,0,0,0,1.11716621253406,2.99727520435967,0,0,0,0.0272479564032698,6.26702997275204,0,1.63487738419619,0,0,1.93460490463215,0,3.54223433242507,0.0817438692098093,0,8.71934604904632,20.9536784741144,0,13.6239782016349,0,0,1.63487738419619,0,0,2.72479564032698,0,0.0544959128065395,0,28.4196185286104,0,3.81471389645777,0,0,0,0,0,0,8.22,22.7,8.052,261.1,6.912,0.016,0.03339,8.22,23.23,2.429,6.55,11.43,0.13,10.01,1.14,14.42,14.87,NA,NA,0,0
"RUS-1S","RUS","2022-09-01","NT",7.73809523809524,0,0,0,0,0.892857142857143,0,0,0,0,0.0297619047619048,9.22619047619048,0,2.38095238095238,0,0,0,0,2.08333333333333,0.625,0.0595238095238095,6.8452380952381,13.6904761904762,0,9.22619047619048,0,0.0892857142857143,1.19047619047619,0,0.357142857142857,3.27380952380952,0,0.0297619047619048,0,42.2619047619048,0,0,0,0,0,0,0,0,8.03,20.53,8.643,235.3,8.68,0.009,0.00842,8.03,18.58,1.889,6.41,11.25,0.08,9.92,1.13,14.39,15.91,NA,NA,0.0001988,1.291464
"RUS-1S","RUS","2022-09-15","NT",9.7629009762901,0,0.464900046490005,0,0.116225011622501,0,23.3147373314737,0,0,0,0.185960018596002,9.9953509995351,0,2.78940027894003,0.0232450023245002,0,0,0,0.255695025569503,6.50860065086006,0.0464900046490005,3.48675034867503,8.83310088331009,0,0.464900046490005,0.162715016271502,1.16225011622501,3.02185030218503,0,0.0232450023245002,2.55695025569503,0,0,0,26.0111576011158,0,0.813575081357508,0,0,0,0,0,0,7.98,18.757,8.853,NA,10.95,0.011,0.00783,7.98,20.66,1.924,6.25,10.82,0.12,9.8,1.14,14.1,15.5,NA,NA,0.0003586,4.1992188
"RUS-2","RUS","2022-07-06","NT",0.0355871886120996,0,0,0,0,0,0,0,0,0,0,8.54092526690392,0,1.42348754448399,0.0355871886120996,0,0.0355871886120996,0,0.711743772241993,0,0,8.89679715302491,12.4555160142349,0,7.11743772241993,0,0,1.06761565836299,0,0,0,0,0.747330960854093,0,58.932384341637,0,0,0,0,0,0,0,0,NA,22.84,9.346,267.2,6.807,0.0095,0.0057,8.25,21.89,2.279,7.15,12.98,0.12,10.63,1.17,15.57,12.62,NA,NA,NA,NA
"RUS-2","RUS","2022-07-20","NT",0,0.0268096514745308,0,0,0,0,5.36193029490617,0,0,0,0.0268096514745308,7.23860589812332,0,1.34048257372654,0,0,1.34048257372654,0,1.87667560321716,0.0268096514745308,0,2.68096514745308,9.6514745308311,0,8.57908847184987,0,0,1.07238605898123,0,0,1.87667560321716,0,0.0536193029490617,0,54.8257372654156,0,4.02144772117962,0,0,0,0,0,0,NA,23.75,9.567,267.8,9.59,0.009,0.00411,8.25,21.59,2.118,6.84,12.14,0.11,10.37,1.17,15.08,13.04,NA,NA,0,0
"RUS-2","RUS","2022-08-02","NT",1.11731843575419,0,0,0,0,0,1.67597765363128,0,0,0,0.474860335195531,8.65921787709497,0,0.837988826815642,0,0,0.0558659217877095,0,4.46927374301676,0.837988826815642,0.0279329608938548,5.8659217877095,10.6145251396648,0,13.1284916201117,0,0,1.67597765363128,0,0,0.837988826815642,0,0.391061452513967,0,31.731843575419,0,17.5977653631285,0,0,0,0,0,0,8.25,23.41,9.734,255.9,9.735,0.01,0.01246,8.25,23.05,2.26,6.33,11.35,0.1,9.75,1.15,14.62,9.17,NA,NA,0,0
"RUS-2","RUS","2022-08-17","NT",1.91570881226054,0,0,0,0,0,0,0,0,0,0.0383141762452107,8.81226053639847,0.0383141762452107,0.383141762452107,0,0,0,0,0.766283524904214,0.0383141762452107,0,8.42911877394636,7.27969348659004,0,0,0,0,2.68199233716475,0,0,4.21455938697318,0,0.0766283524904215,0,55.7471264367816,0,9.57854406130268,0,0,0,0,0,0,8.27,23.53,9.426,262.6,9.835,0.015,0.01541,8.27,21.52,2.416,6.54,11.62,0.14,10.08,1.13,14.24,18.13,NA,NA,0,0
"RUS-2","RUS","2022-09-01","NT",7.63636363636364,0,0,0,0,0.0363636363636364,6.18181818181818,0,0,0,0.0363636363636364,13.8181818181818,0,0.727272727272727,0,0,0.109090909090909,0,2.18181818181818,0.0727272727272727,0.0363636363636364,8.72727272727273,18.0727272727273,0,10.9090909090909,0,0.0727272727272727,1.09090909090909,0.0363636363636364,0.0363636363636364,5.45454545454545,0,0.0727272727272727,0,18.1090909090909,0,6.58181818181818,0,0,0,0,0,0,8.27,22.69,9.426,241.7,8.5965,0.01,0.00747,8.27,16.87,1.8245,5.385,9.385,0.09,8.285,0.975,12.41,12.445,NA,NA,8.38e-05,0.7018993
"RUS-2","RUS","2022-09-15","NT",11.6104868913858,0,0.0374531835205993,0,1.87265917602996,0,6.74157303370786,0,0,0,0.187265917602996,11.2359550561798,0,1.12359550561798,0,0,2.62172284644195,0,2.24719101123596,1.53558052434457,0.374531835205992,4.8689138576779,17.2284644194757,0,5.99250936329588,0,0.0374531835205993,2.62172284644195,0,0.0374531835205993,5.2434456928839,0,0.187265917602996,0,22.3220973782772,0,1.87265917602996,0,0,0,0,0,0,8.19,19.924,10.005,NA,11.203,0.012,0.00885,8.19,21.76,2.06,5.91,10.45,0.12,9.29,1.08,13.5,15.05,NA,NA,0,0
"RUS-3","RUS","2022-07-07","NT",0.0282485875706215,0,0,0,0,0,4.80225988700565,0,0,0,0.0282485875706215,10.1694915254237,0,1.69491525423729,0,0,0,0,2.82485875706215,0,0,4.23728813559322,22.0338983050847,0,4.23728813559322,0,0,1.12994350282486,0,0,0,0,1.12994350282486,0,45.9887005649718,0,1.69491525423729,0,0,0,0,0,0,NA,23.76,11.759,267.1,9.202,0.012,0.006,8.4,23.3,2.893,7.15,12.93,0.13,10.61,1.13,14.97,18.1,NA,NA,NA,NA
"RUS-3","RUS","2022-07-20","NT",0.0279329608938548,0,0,0,1.95530726256983,0,3.91061452513966,0,0,0,0,1.95530726256983,0,1.39664804469274,0,0,0.0558659217877095,0,2.51396648044693,0.0558659217877095,0.279329608938547,0,23.463687150838,0,4.46927374301676,0,0,1.39664804469274,0,0,0,0,0.111731843575419,0,58.3798882681564,0,0,0.0279329608938548,0,0,0,0,0,NA,24.68,11.067,266.2,9.796,0.009,0.00245,8.4,19.84,2.171,6.84,12.19,0.13,10.37,1.18,14.77,14.1,NA,NA,0,0
"RUS-3","RUS","2022-08-02","NT",0.0604229607250755,0,0,0,0,0,1.51057401812689,0,0,0,0.0302114803625378,4.53172205438066,0,0.906344410876133,0,0,0.0302114803625378,0,1.51057401812689,0.0302114803625378,0.0302114803625378,2.41691842900302,24.773413897281,0,1.81268882175227,0,0,1.20845921450151,0,0,0,0,0.302114803625378,0,60.8459214501511,0,0,0,0,0,0,0,0,8.4,24.27,13.04,255.9,7.386,0.007,0.00721,8.4,20.09,2.391,6.25,11.25,0.1,9.67,1.15,14.35,10.05,NA,NA,0,0
"RUS-3","RUS","2022-08-17","NT",1.48367952522255,0,0,0,0,0.29673590504451,2.07715133531157,0,0,0,0.0593471810089021,7.71513353115727,0,1.78041543026706,0,0,0.029673590504451,0.029673590504451,2.9673590504451,0.029673590504451,0.029673590504451,5.04451038575668,16.3204747774481,0,6.82492581602374,0,0.029673590504451,1.48367952522255,0,0.0593471810089021,2.9673590504451,0,0.0890207715133531,0,40.2967359050445,0,10.3857566765579,0,0,0,0,0,0,8.53,24.33,10.854,236.8,6.809,0.02,0.00691,8.53,21.42,2.102,6.46,11.24,0.12,9.83,1.11,13.99,13.07,NA,NA,4.89e-05,0.7170717
"RUS-3","RUS","2022-09-01","NT",6.98795180722891,0,0,0,0.481927710843374,0.0240963855421687,1.20481927710843,0.0240963855421687,0,0,0,6.02409638554217,0,0.963855421686747,0,0,0.313253012048193,0,1.20481927710843,0,0.0481927710843374,5.06024096385542,12.289156626506,0,19.2771084337349,0,0.0240963855421687,2.65060240963855,0,0.0481927710843374,3.85542168674699,0,0.0240963855421687,0,38.5301204819277,0,0.963855421686747,0,0,0,0,0,0,8.56,22.8,10.743,239.6,8.284,0.011,0.00484,8.56,19.44,2.101,6.38,11.15,0.11,9.81,1.15,14.5,11.28,NA,NA,0.0007276,5.3172086
"RUS-3","RUS","2022-09-15","NT",0,0,0,0,0,0,12.6353790613718,0,0,0,0,4.69314079422383,0,0.36101083032491,0,0,0,0,0.397111913357401,0.036101083032491,1.11913357400722,2.52707581227437,6.13718411552347,0,0,0,0,1.08303249097473,0,1.48014440433213,0.36101083032491,0,0.036101083032491,0,68.0505415162455,0,1.08303249097473,0,0,0,0,0,0,8.36,20.066,11.202,NA,9.421,0.019,0.007685,8.36,19.33,2.061,6.18,10.55,0.12,9.73,1.13,13.79,14.87,NA,NA,0.0002667,2.1329935
"SAL-1S","SAL","2022-06-27","NT",3.36700336700337,0,0,0,0,0,0.336700336700337,0,0,0,0.336700336700337,0.336700336700337,0,0,0,0,13.8047138047138,0,13.4680134680135,0,0,0,43.7710437710438,0,0,0,0,23.5690235690236,0,0,0,0,0,0,0,0,0.336700336700337,0,0,0,0,0.673400673400673,0,NA,19.81,9.442,NA,7.768,0.0145,0.01313,7.72,6.516,2.913,0.52,1.65,0.02,1.02,0.32,1.88,10.58,NA,NA,NA,NA
"SAL-1S","SAL","2022-07-12","NT",0,0,0,0.04,0,0,0,0,0,0,0,0.04,0,34.12,0,0,1.2,0,12.8,3.2,41.6,0,4.4,0,0,0,0,1.2,0,0,0,0,0.2,0,0,0,1.2,0,0,0,0,0,0,NA,20.52,8.904,108.5,6.4415,0.026,0.01409,7.72,11.88,3.565,1.06,3.86,0.005,2.39,0.68,3.43,16.76,0,0,NA,NA
"SAL-1S","SAL","2022-07-26","NT",0,0,0,0,0,0,0,0,0,0,0.0478468899521531,0,0,0.478468899521531,0,0,2.39234449760766,0,0.239234449760766,0,90.7416267942584,0,4.06698564593301,0,0,0,0,1.69856459330144,0,0,0,0,0.0239234449760766,0,0,0,0.287081339712919,0,0,0,0,0.0239234449760766,0,NA,21.41,8.59,121.2,7.264,0.011,0.00743,7.72,10.64,1.096,1.42,4.09,0.05,2.85,0.8,3.89,16.94,1.35e-05,0.1131544,NA,NA
"SAL-1S","SAL","2022-09-22","NT",0.571428571428571,0.0285714285714286,0,0,0,0.285714285714286,1.42857142857143,0,0.0285714285714286,0,0,8,0,1.42857142857143,0,0,0.0857142857142857,0,0,0,0.285714285714286,12.2857142857143,12,0,20.5714285714286,0.0285714285714286,0.0571428571428571,4,0,0,0,0,0.0285714285714286,0,38.0285714285714,0,0,0,0,0,0,0,0.857142857142857,7.72,16.59,NA,124,8.037,0.009,0.00876,7.72,9.426,0.3502,1.55,3.02,0.05,2.24,0.6,3.15,14,NA,NA,NA,NA
"SAL-1S","SAL","2023-06-28","NT",0,0,0,0,0,0,0,0,0,0,0,0,0,0,0,0,0,0,39.7022332506203,0,0.496277915632754,0,54.590570719603,0,0,0,0,5.21091811414392,0,0,0,0,0,0,0,0,0,0,0,0,0,0,0,7.81,16.1,9.22,82.7,4.96,0.026,0.00466,7.81,5.589,1.442,NA,NA,NA,NA,NA,NA,NA,NA,NA,NA,NA
"SAL-1S","SAL","2023-07-13","NT",0,0,0,0,0,0,0,0,0,0,0,0,0,0,0,0,0,0,26.5957446808511,0,0,0,69.1489361702128,0,0,0,0,3.72340425531915,0,0,0.531914893617021,0,0,0,0,0,0,0,0,0,0,0,0,7.81,18.7,9.12,100.1,4.702,0.009,0.004885,7.81,5.766,1.609,NA,NA,NA,NA,NA,NA,NA,0,0,NA,NA
"SAL-1S","SAL","2023-07-27","NT",0,0,0,0,0,0,0,0,0,0,0.198019801980198,0.198019801980198,0,0.198019801980198,0,0,0,0,7.92079207920792,0,35.6435643564356,0,53.4653465346535,0,0,0,0,2.37623762376238,0,0,0,0,0,0,0,0,0,0,0,0,0,0,0,7.82,20.3,8.61,109.5,5.296,0.023,0.00477,7.82,7.566,0.957,NA,NA,NA,NA,NA,NA,NA,0,0,NA,NA
"SAL-1S","SAL","2023-08-10","NT",0,0,0,0,0,0,0,0,0,0,0.0508905852417303,0,0,0.0508905852417303,0,0,0.559796437659033,0,3.05343511450382,0,48.8549618320611,0,45.1908396946565,0,0,0,0,0.152671755725191,0,0,0,0,0,0,1.52671755725191,0,0.559796437659033,0,0,0,0,0,0,7.9,20.6,8.66,127.4,6.826,0.011,0.00339,7.9,6.123,0.543,NA,NA,NA,NA,NA,NA,NA,0,0,NA,NA
"SAL-2","SAL","2022-07-12","NT",0,0,0,0,0,1.09289617486339,0,0,0,0,0.546448087431694,1.09289617486339,0,10.9289617486339,0,0,16.9398907103825,0,0.546448087431694,0,0.546448087431694,0,60.1092896174863,0,0,0,0,6.55737704918033,0,0,0,0,0,0,0,0,1.63934426229508,0,0,0,0,0,0,NA,21.64,9.171,110.6,5.8,0.024,0.01026,8.35,7.347,0.7916,1.09,3.73,0.05,2.48,0.73,3.49,14.36,0,0,NA,NA
"SAL-2","SAL","2022-07-26","NT",0,0,0,0,0,0,16.900826446281,0,0,0,0.247933884297521,1.65289256198347,0,2.06611570247934,0,0,1.65289256198347,0,6.19834710743802,0.0413223140495868,41.3636363636364,3.71900826446281,18.1818181818182,0,2.89256198347107,0,0.0413223140495868,1.65289256198347,0,0,0.413223140495868,0,0.0413223140495868,0,0,0,2.89256198347107,0,0,0.0413223140495868,0,0,0,NA,21.52,9.069,120.6,5.851,0.011,0.008085,8.35,9.362,1.025,1.41,3.72,0.03,2.82,0.81,4.24,12.33,0,0,NA,NA
"SAL-2","SAL","2022-09-22","NT",0,0,0,0,0,0.027292576419214,15.0109170305677,0,0,0,0.027292576419214,14.4650655021834,0,1.09170305676856,0,0,0.354803493449782,0,3.27510917030568,0,0.027292576419214,10.0982532751092,21.0152838427948,0,8.10589519650655,0,0.027292576419214,1.63755458515284,0,0,3.54803493449782,0,0,0.027292576419214,20.9061135371179,0.054585152838428,0,0,0.027292576419214,0.27292576419214,0,0,0,8.35,18.25,NA,125.5,4.9905,0.014,0.01177,8.35,8.67,0.5491,2.27,4.47,0.05,3.32,0.91,4.43,13.51,NA,NA,NA,NA
"SAL-2","SAL","2023-06-28","NT",0,0,0,0,0,0,0,0,0,0,0,0,0,0.8,0,0,0,0,24,0,0,0,72,0,0,0,0,2.4,0,0,0,0,0.8,0,0,0,0,0,0,0,0,0,0,7.82,16.8,9.07,82.6,4.899,0.041,0.00372,7.82,6.813,1.838,NA,NA,NA,NA,NA,NA,NA,NA,NA,NA,NA
"SAL-2","SAL","2023-07-13","NT",0,0,0,0,0,0,0,0,0,0,0,0.0525762355415352,0,0,0,0,0,0,4.73186119873817,0,14.7213459516299,0,22.6077812828601,0,0,0,0,0.630914826498423,0,0,0,0,0,0,0,0,0,0,0,57.2555205047319,0,0,0,7.93,19.3,8.99,99.3,4.825,0.0115,0.0045,7.93,5.5215,0.821,NA,NA,NA,NA,NA,NA,NA,0,0,NA,NA
"SAL-2","SAL","2023-07-27","NT",0,0,0,0,0,0,0,0,0,0,0,0,0,0.48780487804878,0,0,0,0,19.5121951219512,0,34.1463414634146,0,34.1463414634146,0,0,0,0,1.46341463414634,0,0,0,0,0,0,0,0,10.2439024390244,0,0,0,0,0,0,7.95,20.6,8.45,108.9,4.98,0.012,0.00096,7.95,6.798,0.632,NA,NA,NA,NA,NA,NA,NA,0,0,NA,NA
"SAL-2","SAL","2023-08-10","NT",0,0,0,0,0,0,0,0,0,0,0,0,0,0.050251256281407,0,0,0.050251256281407,0,4.52261306532663,0,88.643216080402,0,6.53266331658291,0,0,0,0,0.150753768844221,0,0,0,0,0.050251256281407,0,0,0,0,0,0,0,0,0,0,7.92,20.9,8.32,126.6,5.906,0.011,0.00097,7.92,7.558,0.614,NA,NA,NA,NA,NA,NA,NA,0,0,NA,NA
"SAL-3","SAL","2022-06-27","NT",0,0,0,0,0,0,0,0,0,0,0,0,0,0,0,0,25,0,2.08333333333333,0,0,0,64.5833333333333,0,0,0,0,6.25,0,0,0,0,0,0,0,0,2.08333333333333,0,0,0,0,0,0,NA,20.49,9.492,NA,7.795,0.031,0.00797,8.11,8.974,2.688,0.9,3.44,0.06,2.24,0.65,3.05,16.22,NA,NA,NA,NA
"SAL-3","SAL","2022-07-12","NT",0,0,0,0,0,0,0,0,0,0,0,0,0,7.8125,0,0,31.5104166666667,0,18.4895833333333,0,2.60416666666667,0,23.4375,0,0,0,0,5.46875,0,0,0,0,0.260416666666667,0,0,0,10.4166666666667,0,0,0,0,0,0,NA,22.59,9.087,113.3,6.9675,0.019,0.01374,8.11,10.72,2.31,1.11,3.64,0.05,2.46,0.74,3.58,13.34,0,0,NA,NA
"SAL-3","SAL","2022-07-26","NT",0,0,0,0,0,0,0,0,0,0,0.315457413249211,0.315457413249211,0,0,0,0,25.2365930599369,0,18.9274447949527,0,6.30914826498423,0,37.8548895899054,0,0,0,0,0.946372239747634,0,0,0,0,0.315457413249211,0,0,0,9.77917981072555,0,0,0,0,0,0,NA,22.13,9.215,121.5,5.63,0.008,0.00792,8.11,12.95,0.5312,1.37,3.69,0.005,2.78,0.81,3.84,15.87,0,0,NA,NA
"SAL-3","SAL","2022-09-22","NT",0.0760456273764259,0,0,0,0.380228136882129,0.0760456273764259,0,0,0,0,0,7.22433460076046,0,3.42205323193916,0.0760456273764259,0,0.760456273764259,0,1.52091254752852,0,0.418250950570342,17.8707224334601,15.9695817490494,0,1.90114068441065,0,0,1.14068441064639,0,0.0380228136882129,5.70342205323194,0,0.0380228136882129,0,43.3079847908745,0.0380228136882129,0,0,0,0,0,0.0380228136882129,0,8.11,17.33,NA,123.3,5.684,0.0135,0.01223,8.11,9.778,0.48925,1.775,3.455,0.045,2.615,0.69,3.535,13.75,NA,NA,0,0
"SAL-3","SAL","2023-06-28","NT",0,0,0,0,0,0,0,0,0,0,0,0,0,3.36391437308869,0,0,0.305810397553517,0,18.348623853211,0.305810397553517,0.305810397553517,0,76.4525993883792,0,0,0,0,0.917431192660551,0,0,0,0,0,0,0,0,0,0,0,0,0,0,0,8.12,17.4,9.02,83.1,5.178,0.018,0.00096,8.12,3.903,0.619,NA,NA,NA,NA,NA,NA,NA,0,0,NA,NA
"SAL-3","SAL","2023-07-13","NT",0,0,0,0,0,0,0,0,0,0,0,0,0,0,0,0,0,0,27.972027972028,0,0,0,69.9300699300699,0,0,0,0,2.0979020979021,0,0,0,0,0,0,0,0,0,0,0,0,0,0,0,8.01,19.9,9.01,99.2,5.0375,0.012,0.00423,8.01,6.858,0.962,NA,NA,NA,NA,NA,NA,NA,0,0,NA,NA
"SAL-3","SAL","2023-07-27","NT",0,0,0,0,0,0,0,0,0,0,0,0,0,0,0,0,0.689655172413793,0,13.7931034482759,0,41.3793103448276,0,41.3793103448276,0,0,0,0,2.06896551724138,0,0,0,0,0,0,0,0,0.689655172413793,0,0,0,0,0,0,7.94,21.6,7.99,109.5,4.841,0.0135,0.00226,7.94,6.492,1.4915,NA,NA,NA,NA,NA,NA,NA,0,0,NA,NA
"SAL-3","SAL","2023-08-10","NT",0,0,0,0,0,0,0,0,0,0,0,0,0,0,0,0,0,0,3.06122448979592,0,21.4285714285714,0,71.4285714285714,0,0,0,0,3.06122448979592,0,0,0,0,0,0,0,0,1.02040816326531,0,0,0,0,0,0,7.75,22,8.33,127.8,6.048,0.011,0.004485,7.75,8.488,0.437,NA,NA,NA,NA,NA,NA,NA,0,0,NA,NA
"SFE-M-1S","SFE-M","2022-06-29","NT",2.0671834625323,0,0,0,0,0,20.1550387596899,0,0.284237726098191,0,0,1.29198966408269,0,1.03359173126615,0,0,0.0258397932816537,0,0.258397932816538,0,19.7416020671835,0,5.94315245478036,44.9095607235142,0.516795865633075,0,0,3.35917312661499,0,0,0,0,0.387596899224806,0,0,0,0,0,0,0,0.0258397932816537,0,0,NA,20.33,8.374,NA,5.8015,0.011,0.00731,8.9,17.54,3.287,5.39,9.76,0.07,8.56,0.88,9.76,9.75,0,0,NA,NA
"SFE-M-1S","SFE-M","2022-07-14","NT",3.55509355509355,0.0207900207900208,0,0.0207900207900208,0,0,27.4844074844075,0,0,0,0.415800415800416,5.1975051975052,0,2.07900207900208,0,0,0.665280665280665,0.0415800415800416,0.27027027027027,0,0.0207900207900208,0.852390852390852,5.1975051975052,42.7234927234927,0,0,0,2.07900207900208,0,0,0.852390852390852,0,0.415800415800416,0,8.10810810810811,0,0,0,0,0,0,0,0,NA,21.71,9.507,223.3,5.353,0.017,0.00463,8.9,16.17,0.7605,6.04,10.78,0.1,9.37,0.93,9.77,18.02,0,0,0.0002415,2.0375685
"SFE-M-1S","SFE-M","2022-07-28","NT",8.78186968838527,0,0,0.028328611898017,0,0,14.1926345609065,0,0.056657223796034,0.056657223796034,0.141643059490085,14.7308781869688,0,2.26628895184136,0,0,0,0,0.56657223796034,0,6.23229461756374,1.41643059490085,9.06515580736544,17.7620396600567,2.26628895184136,0,0,1.41643059490085,0.056657223796034,0,0.906515580736544,1.69971671388102,0.198300283286119,0,18.1303116147309,0,0,0,0,0,0.028328611898017,0,0,8.9,24.49,9.364,216.4,3.901,0.006,0.00291,8.9,16.2,0.751,6.57,11.04,0.11,9.56,0.97,8.87,19.96,0.0001052,0.6402563,0.0007105,10.9846586
"SFE-M-1S","SFE-M","2022-08-10","NT",9.53488372093023,0.0232558139534884,0,0.0697674418604651,0,0.232558139534884,6.51162790697674,0,0.0232558139534884,0,0.209302325581395,11.8604651162791,0,2.32558139534884,0,0,0.0232558139534884,0,1.16279069767442,0.0232558139534884,9.76744186046512,1.16279069767442,5.34883720930233,0,10,0,0,2.32558139534884,0,0,3.02325581395349,4.18604651162791,0.441860465116279,0,31.6511627906977,0.0697674418604651,0,0,0,0,0.0232558139534884,0,0,8.55,21.81,8.855,230.6,3.7375,0.0325,0.04816,8.55,16.18,4.512,7.12,10.78,0.3,9.96,1.1,10.26,10.57,0.00048,6.0798106,0.0110387,155.2359736
"SFE-M-1S","SFE-M","2022-08-23","NT",3.46820809248555,0,0,0,0,0,10.4046242774566,0,0.0289017341040462,0,0,8.38150289017341,0,0.867052023121387,0,0,2.3121387283237,0,0.867052023121387,0,1.1849710982659,0,7.80346820809249,0,1.44508670520231,0,0,1.73410404624277,0,0,2.89017341040462,0,0.0578034682080925,0,56.4739884393064,0.0289017341040462,0,0.0289017341040462,0,0,0,0,2.02312138728324,8.75,24.2,8.693,243.8,4.229,0.015,0.00766,8.75,23.04,0.8755,7.57,11.48,0.09,10.42,1.11,10.6,22.68,9.07e-05,1.4883029,NA,NA
"SFE-M-1S","SFE-M","2022-09-06","NT",3.50877192982456,0,0.0292397660818713,0,0,0.0292397660818713,18.1286549707602,0,0.0292397660818713,0.0292397660818713,0.0292397660818713,8.47953216374269,0,0.87719298245614,0,0.0292397660818713,0.0584795321637427,0,2.04678362573099,0.321637426900585,6.72514619883041,0.292397660818713,5.84795321637427,0.0292397660818713,6.72514619883041,0,0,2.92397660818713,0,0,3.21637426900585,5.55555555555556,0.233918128654971,0,30.6140350877193,0.64327485380117,0.0584795321637427,0.0292397660818713,0,0,0,0,3.50877192982456,8.17,22.466,7.399,NA,6.473,0.024,0.00868,8.17,16.7,0.6444,7.92,11.66,0.1,10.52,1.11,11.1,15.91,0.0004401,3.2071741,0,0
"SFE-M-1S","SFE-M","2022-09-17","NT",6.47058823529412,0.0294117647058824,0,0,0,0.117647058823529,2.94117647058824,0,0.0294117647058824,0.0588235294117647,0.0294117647058824,9.41176470588235,0,3.52941176470588,0.0294117647058824,0,3.52941176470588,0.0294117647058824,1.17647058823529,0.0294117647058824,3.82352941176471,0.882352941176471,8.52941176470588,1.17647058823529,2.94117647058824,0,0,3.23529411764706,0,0,3.82352941176471,0,0.352941176470588,0,45.6470588235294,0.382352941176471,0.882352941176471,0.0294117647058824,0,0,0,0,0.882352941176471,7.97,19.96,7.813,251.2,5.342,0.023,0.00694,7.97,19.63,0.4319,8.26,11.55,0.09,10.64,1.09,12.03,11.13,0.0003899,3.2816982,0,0
"SFE-M-3","SFE-M","2022-06-29","NT",0,0,0,0,0,0,44.551724137931,0,0,0,0.229885057471264,2.75862068965517,0,2.29885057471264,0,0,0,0,0,0.0229885057471264,26.4367816091954,0.459770114942529,14.2528735632184,0.482758620689655,0.689655172413793,0,0,2.29885057471264,0,0,0,0,0.229885057471264,0,5.28735632183908,0,0,0,0,0,0,0,0,NA,23.6,9.793,NA,5.812,0.011,0.00788,8.88,14.29,1.194,5.67,10.87,0.005,9.12,0.91,9.73,17.5,0,0,NA,NA
"SFE-M-3","SFE-M","2022-07-14","NT",3.97368421052632,0,0,0,0,0,12.8421052631579,0,0,0,0.0263157894736842,0.0789473684210526,0,1.05263157894737,0,0,0.0263157894736842,0,0,0,4.02631578947368,0.0263157894736842,4.47368421052632,17.5526315789474,0,0,0,1.05263157894737,0,0,0.789473684210526,0,0.184210526315789,0,53.8947368421053,0,0,0,0,0,0,0,0,NA,23.63,10.255,229.6,4.093,0.011,0.00516,8.88,11.9,0.5737,6.29,10.61,0.09,9.43,0.96,9.83,14.86,0,0,0.0001738,1.9259609
"SFE-M-3","SFE-M","2022-07-28","NT",11.919315403423,0,0.947432762836186,0,0,0.0305623471882641,16.1980440097799,0,0.0305623471882641,0.611246943765281,0.733496332518337,17.1149144254279,0,4.58435207823961,0,0,1.5281173594132,0,2.47555012224939,0,11.1858190709046,0,8.55745721271393,0.305623471882641,3.66748166259169,0,0.0916870415647922,3.66748166259169,0,0,2.75061124694376,0,0.794621026894865,0,12.7750611246944,0,0,0,0,0,0.0305623471882641,0,0,8.88,25.83,10.77,216.9,5.73,0.006,0.00335,8.88,18.55,0.9554,6.61,10.53,0.005,9.6,1,9.02,18.11,0,0,0.0005721,9.6272722
"SFE-M-3","SFE-M","2022-08-10","NT",5.58823529411765,0.0294117647058824,0,0,0,0,43.5294117647059,0,0,0.0588235294117647,0,11.7647058823529,0,2.94117647058824,0,0,0,0,0,0.0294117647058824,0.911764705882353,0,5.88235294117647,0,6.17647058823529,0,0,2.64705882352941,0,0,5.29411764705882,0,0.470588235294118,0,14.3235294117647,0.323529411764706,0.0294117647058824,0,0,0,0,0,0,8.63,24.71,10.236,240.3,3.68,0.028,0.06271,8.63,14.49,2.551,7,10.46,0.08,9.94,1.02,10.08,12.11,6.72e-05,0.7992448,0.0003683,4.4073276
"SFE-M-3","SFE-M","2022-08-23","NT",2.82258064516129,0.0403225806451613,0.403225806451613,0,0,0.0403225806451613,2.01612903225806,0,0,0,0.120967741935484,6.85483870967742,0,1.61290322580645,0,0,0.0806451612903226,0.0403225806451613,0.443548387096774,0,11.2903225806452,0.806451612903226,6.04838709677419,0,12.0967741935484,0,0,3.2258064516129,0,0,1.20967741935484,0,0.0806451612903226,0,50.5645161290323,0.120967741935484,0.0403225806451613,0.0403225806451613,0,0,0,0,0,8.62,24.71,9.626,248.4,3.8,0.018,0.00769,8.62,19.07,0.6235,7.58,11.34,0.1,10.45,1.12,10.78,16.43,9.48e-05,1.1992479,0.000181,1.6982777
"SFE-M-3","SFE-M","2022-09-06","NT",1.0989010989011,0.0732600732600733,0,0,0,0.10989010989011,22.3443223443223,0,0.0366300366300366,0.0732600732600733,0.0732600732600733,6.95970695970696,0.0366300366300366,1.46520146520147,0,0,0.366300366300366,0,2.1978021978022,0,0.10989010989011,1.46520146520147,14.2857142857143,0,11.3553113553114,0,0,3.2967032967033,0,0,0,0,0.0732600732600733,0,33.040293040293,0.402930402930403,1.0989010989011,0,0,0,0.0366300366300366,0,0,8.47,24.115,9.223,NA,6.4115,0.014,0.006595,8.47,18.77,0.54,3.46,5.16,0.05,4.46,0.47,5.85,13.53,4.12e-05,0.5189985,NA,NA
"SFE-M-3","SFE-M","2022-09-17","NT",0,0,0.0609756097560976,0,0,2.74390243902439,10.3658536585366,0,0.0304878048780488,0.0304878048780488,0,8.23170731707317,0,6.70731707317073,0.0304878048780488,0,0.0609756097560976,0,0.304878048780488,0,17.3780487804878,0,9.14634146341463,0.0304878048780488,5.18292682926829,0.365853658536585,0,3.96341463414634,0,0,0.304878048780488,0,0.0914634146341464,0.304878048780488,34.6036585365854,0.0609756097560976,0,0,0,0,0,0,0,8.37,19.66,9.033,246.7,5.058,0.015,0.00769,8.37,15.68,0.4455,8.49,11.77,0.11,10.71,1.17,11.19,17.53,5.22e-05,0.628766,NA,NA
"SFE-M-4","SFE-M","2022-06-29","NT",0,0,0,0,0,0,1.8716577540107,0,0,0,0,1.12299465240642,0,1.33689839572193,0,0,0,0,0,0.294117647058824,0,0.53475935828877,3.20855614973262,62.3529411764706,0.53475935828877,0,0,1.06951871657754,0,0,0,0,0.160427807486631,0,27.5133689839572,0,0,0,0,0,0,0,0,NA,25.43,10.132,NA,7.008,0.013,0.005,9.14,19.32,2.451,5.78,10.8,0.1,9.23,0.93,9.88,16.51,0,0,NA,NA
"SFE-M-4","SFE-M","2022-07-14","NT",3.1413612565445,0,0,0.0261780104712042,0,0,9.42408376963351,0,0,0,0.0785340314136126,2.61780104712042,0,0.785340314136126,0,0,0,0,0.785340314136126,0,0.0261780104712042,0,6.02094240837696,32.3560209424084,3.66492146596859,0,0,1.30890052356021,0,0,0.0261780104712042,0,0.49738219895288,0,39.2408376963351,0,0,0,0,0,0,0,0,NA,25.72,11.059,236.2,6.021,0.017,0.00447,9.14,18.16,0.7703,6.16,10.64,0.1,9.38,0.95,9.77,15.73,NA,NA,8.16e-05,0.6183889
"SFE-M-4","SFE-M","2022-07-28","NT",11.3702623906706,0.0291545189504373,0.145772594752187,0,0,0.204081632653061,11.3702623906706,0,0,0.612244897959184,0.349854227405248,10.2040816326531,0,2.62390670553936,0,0,0.612244897959184,0,1.16618075801749,0,13.0612244897959,0.291545189504373,5.83090379008746,6.93877551020408,6.12244897959184,0,0,3.49854227405248,0,0,4.3731778425656,0.0583090379008746,0.466472303206997,0,20.5247813411079,0.0291545189504373,0,0.116618075801749,0,0,0,0,0,9.14,28.48,9.673,218.7,3.503,0.005,0.00338,9.14,18.47,1.037,6.64,10.84,0.09,9.65,0.98,9.17,14.51,NA,NA,0.0006956,11.1391016
"SFE-M-4","SFE-M","2022-08-10","NT",1.99556541019956,0,0.443458980044346,0,0,0,34.4345898004435,0,0.0221729490022173,0.0221729490022173,0.110864745011086,10.4212860310421,0,1.33037694013304,0,0,0,0.0443458980044346,0.665188470066519,0,1.99556541019956,0,9.09090909090909,31.6629711751663,0,0.0221729490022173,0,1.77383592017738,0,0,1.55210643015521,0,0.354767184035477,0,3.76940133037694,0.24390243902439,0,0.0443458980044346,0,0,0,0,0,8.92,27.1,11.405,239.4,3.996,0.027,0.009035,8.92,15.7,0.6784,7.09,10.95,0.09,10.14,1.06,10.25,14.93,0.019244,237.0378103,0.014551,95.8824819
"SFE-M-4","SFE-M","2022-08-23","NT",1.16959064327485,0,0,0,0,0.614035087719298,12.280701754386,0,0,0,0,10.5263157894737,0,2.04678362573099,0,0.0292397660818713,0.087719298245614,0,0.906432748538012,0,2.63157894736842,0,7.89473684210526,1.16959064327485,11.9883040935673,0,0,1.75438596491228,0,0,2.04678362573099,0,0.321637426900585,0,44.0643274853801,0.380116959064327,0,0.0584795321637427,0,0,0.0292397660818713,0,0,8.85,27.38,11.773,236.8,4.2415,0.023,0.007965,8.85,14.935,0.67675,6.7,9.725,0.075,9.04,0.965,9.845,10.88,NA,NA,NA,NA
"SFE-M-4","SFE-M","2022-09-06","NT",0,0,0,0,0,0.0923076923076923,14.4615384615385,0,0.0615384615384615,0,0,7.07692307692308,0,0.615384615384615,0,0,1.6,0.0307692307692308,1.53846153846154,7.07692307692308,0.0307692307692308,0,5.23076923076923,0,0.923076923076923,0,0,3.38461538461538,0,0,1.84615384615385,10.7692307692308,0.4,0,44.7692307692308,0.0615384615384615,0,0.0307692307692308,0,0,0,0,0,8.74,27.42,11.245,NA,5.307,0.028,0.0112,8.74,17.99,0.7294,7.77,11.25,0.1,10.22,1.14,10.99,14.82,NA,NA,NA,NA
"SFE-M-4","SFE-M","2022-09-17","NT",0,0,0.0367647058823529,2.94117647058824,0,0.0735294117647059,9.19117647058824,0,0,0,0.0367647058823529,4.04411764705882,0,1.83823529411765,0,0,17.9779411764706,0,1.47058823529412,1.10294117647059,0,0,5.88235294117647,0,4.77941176470588,0,0,2.57352941176471,0,0,0,0.0367647058823529,0.0735294117647059,0,47.7941176470588,0.0367647058823529,0.0367647058823529,0,0,0,0.0735294117647059,0,0,8.53,20.64,10.759,248.6,4.968,0.017,0.01033,8.53,18.44,0.5118,8.23,11.84,0.11,10.6,1.05,11.24,17.49,NA,NA,NA,NA
